名稱 (Name),屬性分類,屬性名稱,屬性值 (Property Value),屬性值2,Name,Property Value
0,0,武器,,,,
1,0,定點王,,,,
出土魔像,stats,guard_regenerate,5,,Excavated Golem,
,,guard_power,5,,,
魔像鑄工,stats,guard_regenerate,7,,Builder Golem,
,,guard_power,7,,,
,other,enhancer,出土魔像,,,Excavated Golem
水母德索,stats,guard_regenerate,7,,Meduso,
,,guard_power,7,,,
,,aggro,20%,body.dodge,,
,,motion_speed,1%,body.defense,,
,other,enhancer,魔像鑄工,,,
虛假黑騎士,stats,str,3%,,Black Knight of Delusion,
,,atk,4%,,,
,,def,-9%,,,
,,critical_rate,2%,,,
卦莫爾,stats,str,5%,,Gwaimol,
,,atk,6%,,,
,,def,-15%,,,
,,critical_rate,4%,,,
,other,enhancer,虛假黑騎士,,,Black Knight of Delusion
塔利結晶獸,stats,str,6%,,Hexter,
,,atk,8%,,,
,,def,-21%,,,
,,critical_rate,6%,,,
,other,enhancer,卦莫爾,,,Gwaimol
東．普羅芬多,stats,str,7%,,Don profundo,
,,atk,10%,,,
,,def,-27%,,,
,,critical_rate,8%,,,
,other,enhancer,塔利結晶獸,,,
魔晶獸,stats,matk,4%,,Evil Crystal Beast,
,,magic_pierce,3,,,
,,aggro,-5,,,
,,mdef,-12%,,,
香菇咪,stats,matk,6%,,Shampy,
,,magic_pierce,5,,,
,,aggro,-7,,,
,,mdef,-18%,,,
,other,enhancer,魔晶獸,,,Evil Crystal Beast
移儡原生素體,stats,matk,8%,,Irestida,
,,magic_pierce,6,,,
,,aggro,-9,,,
,,mdef,-24%,,,
,other,enhancer,香菇咪,,,Shampy
巴圖德,stats,matk,10%,,Vatudo,
,,magic_pierce,7%,,,
,,aggro,-11%,,,
,,mdef,-30%,,,
,other,enhancer,移儡原生素體,,,
佐魯邦,stats,atk,4%,,Zolban,
,,matk,4%,,,
,,natural_hp_regen,-10%,,,
,,natural_mp_regen,-10%,,,
伏地蛇,stats,atk,6%,,Repthon,
,,matk,6%,,,
,,natural_hp_regen,-10%,,,
,,natural_mp_regen,-10%,,,
,other,enhancer,佐魯邦,,,Zolban
樂龍雷多爾基,stats,atk,10%,,Brass Dragon Reguita,
,,matk,10%,,,
,,natural_hp_regen,-12%,,,
,,natural_mp_regen,-12%,,,
,other,enhancer,伏地蛇,,,Repthon
豪德威斯,stats,atk,12%,,Goudvis,
,,matk,12%,,,
,,natural_hp_regen,-14%,,,
,,natural_mp_regen,-14%,,,
,other,enhancer,樂龍雷多爾基,,,
多雷米納雷爾,stats,atk,8%,,Dominaredor,
,,matk,8%,,,
,,max_hp,1000,,,
,,max_mp,100,,,
,other,enhancer,樂龍雷多爾基,,,
,obtain,event,,,,
,,name,,,,
,,map,第8回馬奇史東之路,,,
凝態戰將,stats,attack_mp_recovery,2,,Imitator,
,,atk,5%,,,
,,anticipate,10,,,
馬爾杜拉,stats,atk,7%,,Mardula,
,,attack_mp_recovery,4,,,
,,anticipate,12,,,
,other,enhancer,凝態戰將,,,Imitator
威琉魔,stats,atk,9%,,Velum,
,,attack_mp_recovery,6,,,
,,anticipate,13,,,
,,max_mp,-100,,,
,other,enhancer,馬爾杜拉,,,Mardula
畸弗美斯,stats,atk,11%,,Deformis,
,,attack_mp_recovery,8,,,
,,anticipate,14,,,
,,max_mp,-200,,,
,other,enhancer,威琉魔,,,
凝態古利絲,stats,matk,5%,,Imitacia,
,,max_mp,200,,,
,,guard_break,10,,,
暗龍費因斯坦,stats,matk,7%,,Finstern the Dark Dragon,
,,max_mp,300,,,
,,guard_break,12,,,
,other,enhancer,凝態古利絲,,,Imitacia
奧克拉辛,stats,matk,9%,,Oculasignio,
,,max_mp,300,,,
,,guard_break,13,,,
,other,enhancer,暗龍費因斯坦,,,Finstern the Dark Dragon
蔓迪,stats,matk,11%,,Menti,
,,max_mp,300,,,
,,guard_break,14,,,
,,aspd,250,sub.shield,,
,other,enhancer,奧克拉辛,,,
甘瑞夫,stats,dex,2%,,Ganglef,
,,atk,3%,,,
,,aspd,1%,,,
馬其納暴君,stats,dex,4%,,Tyrant Machina,
,,atk,6%,,,
,,aspd,2%,,,
,other,enhancer,甘瑞夫,,,Ganglef
月圓巨蟹,stats,vit,4%,,Giant Moon Crab,
,,atk,6%,,,
,,motion_speed,1,,,
,other,enhancer,甘瑞夫,,,Ganglef
魔晶鷲,stats,atk,7%,,Vulture,
,,dex,5%,,,
,,aspd,3%,,,
,other,enhancer,馬其納暴君,,,Tyrant Machina
欺龍米繆加,stats,atk,9%,,Trickster Dragon Mimyugon,
,,dex,7%,,,
,,aspd,5%,,,
,other,enhancer,魔晶鷲,,,Vulture
爆山,stats,atk,11%,,Bakuzan,
,,dex,9%,,,
,,aspd,7%,,,
,other,enhancer,欺龍米繆加,,,
惡魔之門,stats,dex,2%,,Demon's Gate,
,,matk,3%,,,
,,cspd,1%,,,
龍獸馬其納,stats,matk,6%,,Mozto Machina,
,,dex,4%,,,
,,cspd,2%,,,
,other,enhancer,惡魔之門,,,Demon's Gate
皮斯泰烏魚,stats,matk,7%,,Pisteus,
,,dex,5%,,,
,,cspd,3%,,,
,other,enhancer,龍獸馬其納,,,Mozto Machina
惡龍法奇諾,stats,matk,9%,,Wicked Dragon Fazzino,
,,dex,7%,,,
,,cspd,5%,,,
,other,enhancer,皮斯泰烏魚,,,Pisteus
隆迪奈,stats,matk,11%,,Rondine,
,,dex,9%,,,
,,cspd,7%,,,
,other,enhancer,惡龍法奇諾,,,
石柱魔像,stats,max_mp,300,,Pillar Golem,
,,short_range_damage,3,,,
,,physical_pierce,3,,,
終極馬其納,stats,max_mp,400,,Ultimate Machina,
,,short_range_damage,4,,,
,,physical_pierce,4,,,
,other,enhancer,石柱魔像,,,Pillar Golem
炎龍布蘭瑪,stats,max_mp,400,,Vlam the Flame Dragon,
,,short_range_damage,6,,,
,,physical_pierce,7,,,
,other,enhancer,終極馬其納,,,Ultimate Machina
真·魔晶獸,stats,max_mp,400,,Supreme Evil Crystal Beast,
,,short_range_damage,8,,,
,,physical_pierce,10,,,
,other,enhancer,炎龍布蘭瑪,,,
札哈克馬其納,stats,attack_mp_recovery,5,,Zahhak Machina,
,,physical_barrier,1000,,,
,,magical_barrier,1000,,,
虐爪的鐵魔女,stats,short_range_damage,5,,Clawed Iron Witch,
,,attack_mp_recovery,10,,,
,,physical_barrier,2000,,,
,,magical_barrier,2000,,,
,other,enhancer,札哈克馬其納,,,Zahhak Machina
轟龍波比納利,stats,short_range_damage,7,,Raging Dragon Bovinari,
,,attack_mp_recovery,15,,,
,,physical_barrier,3000,,,
,,magical_barrier,3000,,,
,other,enhancer,虐爪的鐵魔女,,,Clawed Iron Witch
女王薔薇蜜,stats,long_range_damage,5,,Rosemee,
,,attack_mp_recovery,5,,,
,,magic_pierce,5%,,,
,,critical_rate,5%,,,
,other,enhancer,虐爪的鐵魔女,,,
,obtain,name,九周年EX,,,
庫斯特,stats,matk,7%,,Kuzto,
,,critical_rate,7,,,
,,aggro,-7,,,
春日織夢草,stats,matk,11%,,Springtime Sakura,
,,critical_rate,13,,,
,,aggro,-15,,,
,other,enhancer,庫斯特,,,
,,,,,,
,,,,,,
,,,,,,
,,,,,,
,,,,,,
,,,,,,
,,,,,,
,,,,,,
,,,,,,
,,,,,,
,,,,,,
,,,,,,
,,,,,,
1,1,區域王,,,,
,,,,,,
奇蹟波多姆,stats,evasion_regenerate,5,,Miracle Potum,
,,max_hp,-10%,,,
月光波多姆,stats,attack_mp_recovery,3,,Moonlight potum,
,,cspd,-90%,,,
死靈科隆,stats,max_mp,-2000,,Death Colon,
,,aspd,1000,,,
,,short_range_damage,10,,,
闇夜波多姆,stats,aggro,10,,Nightmare Potum,
,,fractional_barrier,2,,,
,,max_hp,-5%,,,
死靈魔兔,stats,additional_magic,100,,Lapin the Necromancer,
,,cspd,100,,,
,,magical_barrier,100,,,
墮天泡泡,stats,cspd,200,,Buble Bogey,
,,magical_barrier,200,,,
,,additional_magic,125,,,
,other,enhancer,死靈魔兔,,,Lapin the Necromancer
邪惡魔劍,stats,aggro,10,,Evil Magic Sword,
,,critical_damage,5,,,
,,attack_mp_recovery,5,,,
血染結晶,stats,attack_mp_recovery,7,,Blood Smeared Crystal,
,,critical_damage,6,,,
,,aggro,10,,,
,other,enhancer,邪惡魔劍,,,Evil Magic Sword
魔像指揮官,stats,additional_meele,100,,Commander Golem,
,,aspd,100,,,
,,physical_barrier,100,,,
寄生甲獸,stats,matk,5%,,Armasite,
,,magic_pierce,20,,,
,,cspd,-15%,,,
花蜥,stats,stability,5,,Florizard,
,,magic_pierce,20,,,
,,aggro,-15,,,
,other,enhancer,寄生甲獸,,,Armasite
迪亞克,stats,matk,8%,,Diark,
,,magic_pierce,20,,,
,,cspd,-16%,,,
,other,enhancer,寄生甲獸,,,Armasite
樹毒羚,stats,long_range_damage,7,,Arbogazella,
,,accuracy,14%,,,
,,max_hp,-28%,,,
多利多蛞蝓,stats,long_range_damage,10%,,Doridodi,
,,accuracy,17%,,,
,,max_hp,-25%,,,
,other,enhancer,樹毒羚,,,
1,3,活動王（定點王）,,,,
被詛咒的鍛晶,stats,atk,5%,,Cursed Crysta,
,,matk,5%,,,
,,stability,5,,,
,,motion_speed,5,,,
,,recoil_damage,20,,,
,obtain,event,,,,
,,name,製作人化身,,,P.Avatar
,other,item_difficulty,不可交易,,,
白狂牙．靈鋒,stats,agi,4%,,Blancanine the White Fang,
,,max_hp,-12%,,,
,,atk,7%,,,
,,attack_mp_recovery,1,,,
愛貓爪護衛喵,stats,agi,4%,,Cat Claw Guardkissa,
,,max_hp,-12%,,,
,,atk,10%,,,
,,attack_mp_recovery,2,,,
,,ailment_resistance,2,,,
,obtain,event,,,,
,,name,護衛魔像,,,Guard Golem
,,map,第7回馬奇史東之路(第四戰),,,
,other,enhancer,白狂牙．靈鋒,,,Blancanine the White Fang
魔力費雷西亞改,stats,agi,4%,,,
,,max_hp,-12%,,,
,,atk,13%,,,
,,attack_mp_recovery,4,,,
,,ailment_resistance,4,,,
,obtain,event,,,,
,,name,雷菲娜&費雷西亞,,,
,,map,第10回馬奇史東之路（第四戰）,,,
,other,enhancer,愛貓爪護衛喵,,,
戲龍小丑,stats,accuracy,10%,,Drama Clown,
,,aspd,200,,,
,,cspd,200,,,
,,critical_rate,10,,,
,obtain,event,,,,
,,name,薩斯@地獄,,,Zarth@Very Hard
,,,,,,
古利希婭,stats,atk,6%,,Grecia,
,,matk,6%,,,
,,physical_pierce,3,,,
,,magic_pierce,3,,,
,,neutral_resistance,1,,,
,,stronger_against_neutral,1,,,
,,guard_regenerate,-10,,,
,,evasion_regenerate,-10,,,
,obtain,name,勇敢女神古利希婭,,,Grecia the Goddess of Courage
,,event,,,,
勇者波多姆,stats,max_hp,10%,,Hero Potum,
,,fractional_barrier,10,,,
,,accuracy,10%,,,
,,aggro,10,,,
勇者波多姆II,stats,max_hp,11%,,Hero Potum II,
,,fractional_barrier,12,,,
,,accuracy,13%,,,
,,aggro,14,,,
,other,enhancer,勇者波多姆,,,Hero Potum
勇者波多姆III,stats,max_hp,12%,,Hero Potum III,
,,fractional_barrier,14,,,
,,accuracy,16%,,,
,,aggro,18,,,
,other,enhancer,勇者波多姆Ⅱ,,,Hero Potum II
勇者波多姆Ⅳ,stats,max_hp,13%,,Hero Potum IV,
,,fractional_barrier,16,,,
,,accuracy,19%,,,
,,aggro,22,,,
,other,enhancer,勇者波多姆Ⅲ,,,Hero Potum III
榛杜,stats,str,3%,,Jeandoux,
,,critical_damage,7,,,
,,aggro,-10,,,
枯木騎士,stats,stability,5,,Marchitar,
,,dodge,15%,,,
王者馬奇史東,stats,max_hp,1000,,Megiston the Champion,
,,critical_rate,15,,,
,,fire_resistance,3,,,
,obtain,name,馬奇史東@三周年,,,
王者馬奇史東II,stats,max_hp,1200,,Megiston the Champion II,
,,critical_rate,16,,,
,,fire_resistance,3,,,
,,light_resistance,3,,,
,other,enhancer,王者馬奇史東,,,Megiston the Champion 
,obtain,name,馬奇史東@四周年,,,
王者馬奇史東III,stats,max_hp,1400,,Megiston the Champion III,
,,critical_rate,18,,,
,,fire_resistance,3,,,
,,light_resistance,3,,,
,,wind_resistance,3,,,
,other,enhancer,王者馬奇史東II,,,Megiston the Champion II
,obtain,name,馬奇史東@五周年,,,
王者馬奇史東IV,stats,max_hp,1600,,Megiston the Champion IV,
,,critical_rate,20,,,
,,fire_resistance,6,,,
,,water_resistance,3,,,
,,light_resistance,3,,,
,,wind_resistance,3,,,
,other,enhancer,王者馬奇史東III,,,Megiston the Champion III
,obtain,name,馬奇史東@六周年,,,
王者馬奇史東V,stats,max_hp,1800,,Megiston the Champion V,
,,critical_rate,23,,,
,,fire_resistance,6,,,
,,water_resistance,6,,,
,,wind_resistance,3,,,
,,earth_resistance,3,,,
,,light_resistance,3,,,
,other,enhancer,王者馬奇史東IV,,,Megiston the Champion IV
,obtain,name,馬奇史東@七周年,,,
王者馬奇史東VI,stats,max_hp,2000,,Megiston the Champion VI,
,,critical_rate,26,,,
,,fire_resistance,6,,,
,,water_resistance,6,,,
,,wind_resistance,6,,,
,,earth_resistance,3,,,
,,light_resistance,3,,,
,,dark_resistance,3,,,
,other,enhancer,王者馬奇史東V,,,Megiston the Champion V
,obtain,name,馬奇史東@八周年,,,
王者馬奇史東VII,stats,max_hp,2200,,Megiston the Champion VII,
,,critical_rate,29,,,
,,fire_resistance,6,,,
,,water_resistance,6,,,
,,wind_resistance,6,,,
,,earth_resistance,6,,,
,,light_resistance,3,,,
,,dark_resistance,3,,,
,,neutral_resistance,3,,,
,other,enhancer,王者馬奇史東VI,,,
,obtain,name,馬奇史東@九周年,,,
王者馬奇史東VIII,stats,max_hp,2400,,Megiston the Champion VIII,
,,critical_rate,32,,,
,,fire_resistance,6,,,
,,water_resistance,6,,,
,,wind_resistance,6,,,
,,earth_resistance,6,,,
,,light_resistance,6,,,
,,dark_resistance,6,,,
,,neutral_resistance,3,,,
,other,enhancer,王者馬奇史東VII,,,
,obtain,name,馬奇史東@十周年,,,
劍型曼特恩改,stats,atk,7%,,Neo Maton Sword,
,,matk,7%,,,
,,aggro,-28,,,
,,reduce_dmg_bullet,14,,,
,,reduce_dmg_bowling,14,,,
,obtain,name,劍型曼特恩@高難度,,,Maton Sword@High Difficulty
三足怪鳥,stats,atk,10%,,Pedrio,
,,matk,10%,,,
,,aggro,-40,,,
,,reduce_dmg_bullet,20,,,
,,reduce_dmg_bowling,20,,,
,other,enhancer,劍型曼特恩改,,,Neo Maton Sword
功夫龍波姆,stats,agi,5%,,Pomie Chan,
,,atk,5%,,,
,,aggro,-5,,,
,,absolute_dodge,5,knuckle,,
功夫龍波姆II,stats,agi,7%,,Pomie Chan II,
,,atk,9%,,,
,,aggro,-15,,,
,,absolute_dodge,5,knuckle,,
,other,enhancer,功夫龍波姆,,,Pomie Chan
功夫龍波姆III,stats,atk,12%,,Pomie Chan III,
,,agi,10%,,,
,,aggro,-20,,,
,,absolute_dodge,10,,,
,other,enhancer,功夫龍波姆II,,,
死靈妖兔,stats,max_hp,-25%,,Usasama the Necromancer,
,,matk,6%,,,
,,cspd,12%,,,
,,motion_speed,3,,,
,,attack_mp_recovery,-50%,,,
死靈妖兔II,stats,max_hp,-15%,,Usasama the Necromancer II,
,,matk,7%,,,
,,cspd,14%,,,
,,motion_speed,3,,,
,,attack_mp_recovery,-30%,,,
,obtain,name,死靈妖兔,,,Usasama the Necromancer
,other,enhancer,死靈妖兔,,,Usasama the Necromancer
風牙,stats,max_hp,400,,Zega,
,,attack_mp_recovery,3,,,
,,magic_resistance,2,,,
,,water_resistance,1,,,
,obtain,name,風牙@第一次馬奇史東之路,,,Zega@Megiston 2016
風牙II,stats,max_hp,500,,Zega II,
,,attack_mp_recovery,4,,,
,,magic_resistance,3,,,
,,water_resistance,2,,,
,other,enhancer,風牙,,,Zega
,obtain,name,風牙@第二次馬奇史東之路,,,Zega@Megiston 2017
風牙III,stats,max_hp,600,,Zega III,
,,attack_mp_recovery,5,,,
,,magic_resistance,4,,,
,,water_resistance,3,,,
,other,enhancer,風牙II,,,Zega II
,obtain,name,風牙@第三次馬奇史東之路,,,Zega@Megiston 2018
風牙IV,stats,max_hp,700,,Zega IV,
,,attack_mp_recovery,6,,,
,,magic_resistance,5,,,
,,water_resistance,4,,,
,other,enhancer,風牙III,,,Zega III
,obtain,name,風牙@第四次馬奇史東之路,,,Zega@Megiston 2019
風牙V,stats,max_hp,800,,Zega V,
,,attack_mp_recovery,7,,,
,,magic_resistance,6,,,
,,water_resistance,5,,,
,other,enhancer,風牙IV,,,Zega IV
,obtain,name,風牙@第五次馬奇史東之路,,,Zega@Megiston 2020
風牙VI,stats,max_hp,900,,Zega VI,
,,attack_mp_recovery,8,,,
,,magic_resistance,7,,,
,,water_resistance,6,,,
,other,enhancer,風牙V,,,Zega V
,obtain,name,風牙@第六次馬奇史東之路,,,Zega@Megiston 2021
風牙VII,stats,max_hp,1000,,Zega VII,
,,attack_mp_recovery,9,,,
,,magic_resistance,8,,,
,,water_resistance,7,,,
,other,enhancer,風牙VI,,,Zega VI
,obtain,name,風牙@第七次馬奇史東之路,,,Zega@Megiston 2022
風牙VIII,stats,max_hp,1100,,Zega VIII,
,,attack_mp_recovery,10,,,
,,magic_resistance,9,,,
,,water_resistance,8,,,
,other,enhancer,風牙VII,,,Zega VII
,obtain,name,風牙@第八次馬奇史東之路,,,Zega@Megiston 2023
風牙IX,stats,max_hp,1200,,Zega IX,
,,attack_mp_recovery,11,,,
,,magic_resistance,10,,,
,,water_resistance,9,,,
,other,enhancer,風牙VIII,,,Zega VIII
,obtain,name,風牙@第九次馬奇史東之路,,,Zega@Megiston 2024
風牙X,stats,max_hp,1300,,,
,,attack_mp_recovery,12,,,
,,magic_resistance,11,,,
,,water_resistance,10,,,
,other,enhancer,風牙IX,,,
,obtain,name,風牙@第十次馬奇史東之路,,,
怪傑童鼠,stats,long_range_damage,4,,Lil Wonder Rat,
,,unsheathe_attack_multiplier,4,,,
,,aggro,-20,,,
,,matk,6%,staff,,
,obtain,name,怪盜韋斯普@地獄,,,Phantom Wisp@Very hard
魔糰子,stats,atk,4%,,Devil Dango,
,,physical_pierce,20,,,
,,aggro,-10,,,
,,ailment_resistance,-15,,,
,,max_mp,-200,,,
不比兔,stats,atk,6%,,Fubbit,
,,physical_pierce,20,,,
,,aggro,-15,,,
,,ailment_resistance,-15,,,
,,max_mp,-200,,,
,other,enhancer,魔糰子,,,
,obtain,name,不比兔@狂亂(280),,,
櫻糰子,stats,atk,4%,,,
,,physical_pierce,20,,,
,,ailment_resistance,-5,,,
,,max_mp,-100,,,
,other,enhancer,魔糰子,,,
疾紅的獨眼狼,stats,short_range_damage,8,,Crimson One-Eyed Wolf,
,,anticipate,4,,,
,,physical_resistance,-16,,,
,,magic_resistance,-8,,,
,,critical_damage,1%,sub.dagger,,
,,aggro,-20,sub.1h_sword,,
,obtain,name,聖萬狼@地獄,,,Neewollah@Very Hard
黑衣聖誕公主,stats,atk,9%,,Xmas Princess in Black,
,,str,3%,,,
,,matk,9%,,,
,,int,3%,,,
,,long_range_damage,-6%,,,
,,tumble_unavailable,1,,,
,,aggro,-50%,sub.shield,,
,obtain,name,黑暗貝莉,,,Black Velly
幻奏領主,stats,atk,12%,,,
,,str,4%,,,
,,matk,12%,,,
,,int,4%,,,
,,long_range_damage,-6%,,,
,,tumble_unavailable,1,,,
,,aggro,-50%,sub.shield,,
,other,enhancer,黑衣聖誕公主,,,
原初之誘月華,stats,atk,10%,,Primordial Moonlit,
,,matk,10%,,,
,,max_hp,10%,,,
,,anticipate,10%,,,
,,guard_break,10%,,,
,,max_mp,-200,,,
,obtain,name,愛普瑪布@地獄,,,Eripmav@Very Hard
究極波多姆,stats,long_range_damage,10%,,,
,,evasion_regenerate,15%,,,
,,additional_meele,20%,,,
,other,enhancer,奇蹟波多姆,,,
斯圖姆恩,stats,atk,5%,,,
,,matk,5%,,,
,,short_range_damage,5%,,,
,,aspd,5%,,,
,,water_resistance,5%,,,
,,motion_speed,2%,sub.1h_sword,,
,,max_hp,-9%,sub.1h_sword,,
,,int,5%,magic_device,,
,,,,,,
,,,,,,
,,,,,,
,,,,,,
,,,,,,
,,,,,,
,,,,,,
,,,,,,
,,,,,,
,,,,,,
,,,,,,
,,,,,,
1,4,活動王（區域）,,,,
,,,,,,
1,5,活動王（小怪）,,,,
盛夏的熱情,stats,max_hp,15%,,Midsummer Passion,
,,critical_rate,20,,,
,,fire_resistance,25,,,
,,recoil_damage,3,,,
,obtain,name,"合成所，材料為：夢幻珍珠x10,翠珍珠x20,海底結晶石x30,「舞者之書」x1",,,
,recipe,materials,"夢幻珍珠#10,翠珍珠#20,海底結晶石#30,「舞者之書」#1",,,
,,,,,,
,,,,,,
,,,,,,
,,,,,,
,,,,,,
,,,,,,
,,,,,,
,,,,,,
,,,,,,
0,1,身體裝備,,,,
1,0,定點王,,,,
獠牙王,stats,max_hp,1000,,Boss Roga,
,,weapon_atk,1%,,,
伊科諾斯,stats,max_hp,2000,,Iconos,
,,weapon_atk,2%,,,
,other,enhancer,獠牙王,,,Boss Roga
歐勒拉夫,stats,max_hp,3000,,Ornlarf,
,,weapon_atk,3%,,,
,other,enhancer,伊科諾斯,,,Iconos
札菲洛加,stats,max_hp,4000,,Sapphire Roga,
,,weapon_atk,4%,,,
,other,enhancer,歐勒拉夫,,,Ornlarf
岩龍飛爾尊,stats,max_hp,5000,,Ferzen the Rock Dragon,
,,weapon_atk,5%,,,
,other,enhancer,札菲洛加,,,Sapphire Roga
伽拉木瓦,stats,max_hp,6000,,Walican,
,,weapon_atk,6%,,,
,other,enhancer,岩龍飛爾尊,,,Ferzen the Rock Dragon
佛雷帝亞,stats,evasion_regenerate,5,,Forestia,
,,magic_resistance,3,,,
,,matk,1%,,,
格勞斯,stats,evasion_regenerate,15,,Glaucius,
,,magic_resistance,6,,,
,,matk,6%,,,
,,matk_up_agi,25,body.dodge,,
,other,enhancer,佛雷帝亞,,,Forestia
翡翠鳥,stats,max_mp,300,,Jade Raptor,
,,attack_mp_recovery,1,,,
,,cspd,100,,,
丹德利翁,stats,max_mp,500,,,
,,attack_mp_recovery,4,,,
,,cspd,300,,,
,,stability,6%,body.dodge,,
,other,enhancer,超級病死菇,,,
地獄三頭犬,stats,unsheathe_attack_multiplier,3,,Cerberus,
,,physical_pierce,3,,,
,,critical_damage,3,,,
結晶獸,stats,unsheathe_attack_multiplier,4,,Pyxtica,
,,physical_pierce,4,,,
,,critical_damage,4,,,
,other,enhancer,地獄三頭犬,,,Cerberus
晶瑪體,stats,unsheathe_attack_multiplier,7,,Gemma,
,,physical_pierce,5,,,
,,critical_damage,6,,,
,other,enhancer,結晶獸,,,Pyxtica
合成魔獸,stats,max_mp,600,,Ifrid,
,,fractional_barrier,12,,,
漂漂媽,stats,max_mp,700,,Mom Fluck,
,,fractional_barrier,15,,,
,other,enhancer,合成魔獸,,,Ifrid
犰爾達,stats,max_mp,800,,Gordel,
,,fractional_barrier,17,,,
,,critical_rate,3,,,
,other,enhancer,漂漂媽,,,Mom Fluck
比斯奇巴,stats,max_mp,900,,,
,,fractional_barrier,19,,,
,,critical_rate,7,,,
,,critical_damage,2%,,,
,other,enhancer,犰爾達,,,
劍型曼特恩,stats,str,3%,,Maton Sword,
,,long_range_damage,4,,,
,,accuracy,5%,,,
,,max_hp,-1000,,,
魔蝕皮魯茲,stats,max_hp,30%,,Eroded Pilz,
,,physical_resistance,-10,,,
,,magic_resistance,-10,,,
絲岩比爾,stats,max_hp,60%,,Filrocas,
,,physical_resistance,-7,,,
,,magic_resistance,-7,,,
,other,enhancer,魔蝕皮魯茲,,,Eroded Pilz
鬱香．MAX,stats,max_hp,-30%,,,
,,physical_resistance,10%,,,
,,magic_resistance,10%,,,
,,critical_rate,10,,,
,other,enhancer,魔蝕皮魯茲,,,
,obtain,name,九周年EX,,,
魔人庫維札,stats,max_mp,1000,,Demonic Quasar,
,,cspd,300,,,
,,motion_speed,1%,,,
魔人之眼,stats,max_hp,1000,,Demonic Eye,
,,aspd,300,,,
,,tumble_unavailable,1,,,
,other,enhancer,魔人庫維札,,,Demonic Quasar
惡靈巨蛛,stats,atk,8%,,Arachnidemon,
,,critical_rate,8,,,
,,max_hp,-400,,,
,,max_mp,-400,,,
,,short_range_damage,4,sub.shield,,
薩波,stats,atk,10%,,Zapo,
,,critical_rate,10,,,
,,max_hp,-400,,,
,,max_mp,-400,,,
,,short_range_damage,5%,sub.shield,,
,,str,1%,sub.shield,,
,other,enhancer,惡靈巨蛛,,,Arachnidemon
普葉特,stats,atk,12%,,,
,,critical_rate,12,,,
,,max_hp,-800,,,
,,max_mp,-400,,,
,,short_range_damage,6%,sub.shield,,
,,str,2%,sub.shield,,
,other,enhancer,薩波,,,
穆爾貢之手,stats,short_range_damage,6%,,,
,,long_range_damage,4%,,,
,,accuracy,5%,,,
,,max_hp,10000,,,
,,max_mp,-100,,,
,,,,,,
,,,,,,
,,,,,,
,,,,,,
,,,,,,
,,,,,,
,,,,,,
,,,,,,
,,,,,,
,,,,,,
,,,,,,
,,,,,,
1,1,區域王,,,,
科隆長官,stats,max_hp,150,,Colon Commander,
,,max_mp,50,,,
葛雷普斯,stats,max_hp,750,,Goleps,
,,max_mp,250,,,
,other,enhancer,科隆長官,,,Colon Commander
湖龜,stats,guard_regenerate,5,,Tortuga,
,,physical_resistance,3,,,
,,max_hp,1%,,,
菱紋企鵝老爹,stats,guard_regenerate,6,,Daddy Finpen,
,,physical_resistance,6,,,
,,max_hp,6%,,,
,other,enhancer,湖龜,,,Tortuga
卡波．普羅芬多,stats,guard_regenerate,8,,,
,,physical_resistance,12,,,
,,max_hp,16%,,,
,other,enhancer,菱紋企鵝老爹,,,
彩雲獸,stats,max_hp,10%,,Arcoiris,
,,def,10%,,,
,,natural_hp_regen,10%,,,
超級病死菇,stats,max_mp,400,,Super Death Mushroom,
,,attack_mp_recovery,3,,,
,,cspd,200,,,
,other,enhancer,翡翠鳥,,,Jade Raptor
邦衛魔像,stats,fractional_barrier,10,,Thug Golem,
,,cspd,15%,,,
,,aggro,-20,,,
暴風龍,stats,fractional_barrier,10,,Galegon,
,,cspd,20%,,,
,,aggro,-30,,,
,other,enhancer,邦衛魔像,,,Thug Golem
小丑牙魚,stats,attack_mp_recovery,10,,Canemofish,
,,barrier_cooldown,10,,,
,,water_resistance,10,,,
骷髏楊,stats,attack_mp_recovery,15,,,
,,barrier_cooldown,20,,,
,,water_resistance,10,,,
,,dark_resistance,10,,,
,other,enhancer,小丑牙魚,,,
死神稻草人,stats,long_range_damage,6,,Grim Reaper Scarecrow,
,,aggro,-15,,,
,,max_hp,-30%,,,
似曜隕石,stats,unsheathe_attack_multiplier,9%,,,
,,physical_pierce,5%,,,
,,critical_damage,7,,,
,other,enhancer,晶瑪體,,,
,,,,,,
,,,,,,
,,,,,,
,,,,,,
,,,,,,
,,,,,,
,,,,,,
,,,,,,
,,,,,,
,,,,,,
,,,,,,
,,,,,,
,,,,,,
,,,,,,
,,,,,,
,,,,,,
1,2,小怪,,,,
,,,,,,
,,,,,,
1,3,活動王（定點）,,,,
封印獸,stats,max_hp,1000,,Cerabes,
,,critical_damage,1,,,
滅基亞,stats,max_hp,2000,,Mimesia,
,,critical_damage,2,,,
,other,enhancer,封印獸,,,Cerabes
咲麗朱櫻,stats,max_hp,4000,,Dreamy Scarlet Sakura,
,,critical_damage,4,,,
,,short_range_damage,2,,,
,other,enhancer,滅基亞,,,Mimesia
寶蓋熊,stats,max_hp,7000,,Baavgai,
,,critical_damage,7,,,
,,short_range_damage,5,,,
,other,enhancer,咲麗朱櫻,,,Dreamy Scarlet Sakura
鼯忍,stats,max_hp,10000,,,
,,critical_damage,9,,,
,,short_range_damage,6,,,
,,evasion_regenerate,25%,sub.ninjutsu_scroll,,
,other,enhancer,寶蓋熊,,,
黑桃忍者,stats,max_hp,10000,,,
,,critical_damage,9,,,
,,long_range_damage,6,,,
,,aggro,-25%,sub.ninjutsu_scroll,,
,other,enhancer,寶蓋熊,,,
歌杜,stats,atk,3%,,Goldoon,
,,matk,3%,,,
,,accuracy,3%,,,
,,aggro,-3,,,
兔吉,stats,max_mp,100,,Usakichi,
,,atk,1%,,,
,,unsheathe_attack_multiplier,1,,,
,,neutral_resistance,-1,,,
兔美,stats,max_mp,300,,Usami,
,,atk,3%,,,
,,unsheathe_attack_multiplier,3,,,
,,neutral_resistance,-10,,,
,other,enhancer,兔吉,,,Usakichi
兔麻糬,stats,max_mp,300,,Usamochi,
,,atk,6%,,,
,,unsheathe_attack_multiplier,6,,,
,,neutral_resistance,-10,,,
,other,enhancer,兔美,,,Usami
,obtain,name,魔糰子,,,Devil Dango
鴉羽大魔女,stats,stability,4,,The Great Witch of Crow,
,,motion_speed,2,,,
,,absolute_accuracy,1,,,
,,ailment_resistance,-14,,,
,obtain,name,柔艾,,,Zoe
諾耶莉爾,stats,matk,5%,,Noeliel,
,,cspd,3%,,,
,,attack_mp_recovery,1%,,,
,obtain,name,諾耶莉爾冰雕@通常,,,Noeliel the Ice Statue@Normal
諾耶莉爾冰雕,stats,matk,5%,,Noeliel the Ice Statue,
,,cspd,30%,,,
,,attack_mp_recovery,10%,,,
,other,enhancer,諾耶莉爾,,,Noeliel
,obtain,name,諾耶莉爾冰雕@隱藏,,,Noeliel the Ice Statue@Hard
約爾拉茲,stats,matk,7%,,Yule Cat,
,,int,3%,,,
,,cspd,35%,,,
,,attack_mp_recovery,10%,,,
,other,enhancer,諾耶莉爾冰雕,,,Noeliel the Ice Statue
蓋格納,stats,matk,10%,,,
,,int,6%,,,
,,cspd,40%,,,
,,attack_mp_recovery,10%,,,
,other,enhancer,約爾拉茲,,,
鐵之女帝,stats,max_hp,20%,,Iron Empress,
,,physical_resistance,10,,,
,,matk,5%,,,
,,magic_pierce,10,,,
,,cspd,20%,,,
,,max_mp,-300,,,
,obtain,name,上古女帝@高難地獄,,,Ancient Empress@High Difficulty Hell
魅露瑟哈爾,stats,max_hp,25%,,,
,,physical_resistance,15,,,
,,matk,13%,,,
,,magic_pierce,10,,,
,,cspd,25%,,,
,,max_mp,-200,,,
,obtain,name,魅露瑟哈爾,,,
,other,enhancer,鐵之女帝,,,
鏡像之玄影,stats,max_hp,1500,,Evil Shadow,
,,max_mp,300,,,
,,matk,6%,,,
,,evasion_regenerate,-10,,,
,obtain,name,鏡像之玄影舒爾,,,Evil Shadow Shawle
黑暗貝莉,stats,max_hp,3000,,Black Velly,
,,max_mp,400,,,
,,matk,9%,,,
,,evasion_regenerate,-20,,,
,other,enhancer,鏡像之玄影,,,Evil Shadow
格羅克,stats,max_hp,4500,,,
,,max_mp,500,,,
,,matk,12%,,,
,,evasion_regenerate,-30,,,
,other,enhancer,黑暗貝莉,,,
怪盜韋斯普,stats,accuracy,20%,,Phantom Wisp,
,,critical_rate,10,,,
,,evasion_regenerate,10,,,
,,absolute_dodge,5,,,
巧酥獅,stats,max_hp,5%,,Kruztor,
,,dodge,5%,,,
,,physical_resistance,5,,,
,,magic_resistance,5,,,
,,neutral_resistance,5,,,
巧酥獅II,stats,max_hp,7%,,Kruztor II,
,,dodge,7%,,,
,,physical_resistance,7,,,
,,magic_resistance,7,,,
,,neutral_resistance,7,,,
,other,enhancer,巧酥獅,,,Kruztor
波姆波姆博士,stats,short_range_damage,7,,Doctor Pom Pom,
,,critical_rate,7%,,,
,,ailment_resistance,7,,,
李奧納多博士,stats,matk,2%,,Dr. Leonardo,
,,long_range_damage,6,,,
,,critical_rate,10%,,,
,,max_hp,5000,,,
,,ailment_resistance,5,,,
李奧納多博士II,stats,matk,3%,,Dr. Leonardo II,
,,long_range_damage,6,,,
,,critical_rate,20%,,,
,,max_hp,6000,,,
,,ailment_resistance,5,,,
,other,enhancer,李奧納多博士,,,Dr. Leonardo
,obtain,name,李奧納多博士@外包級,,,Dr. Leonardo@Subcontractor
DX法伊特,stats,atk,2%,,DX Fighter ,
,,short_range_damage,6,,,
,,accuracy,10%,,,
,,max_hp,5000,,,
,,fractional_barrier,5,,,
DX法伊特II,stats,atk,3%,,DX Fighter II,
,,short_range_damage,6,,,
,,accuracy,15%,,,
,,max_hp,6000,,,
,,fractional_barrier,5,,,
,other,enhancer,DX法伊特,,,DX Fighter
,obtain,name,李奧納多博士@外包級,,,Dr. Leonardo@Subcontractor
茄力,stats,max_hp,15%,,Aubermight,
,,aggro,30,,,
,,def,45,,,
,obtain,name,茄龍歐瓦比昂@掉落物茄甲上拆取,,,Aubergine Dragon Auvio
阿魯塔達爾,stats,stability,11%,,Altadar,
,,str,6%,,,
,,vit,6%,,,
,,short_range_damage,11%,body.dodge,,
,,stability,-5%,body.dodge,,
,,long_range_damage,11%,body.defense,,
,,stability,-5%,body.defense,,
,obtain,name,阿魯塔達爾,,,Altadar
席比拉雷斯,stats,atk,5%,,Sibylares,
,,matk,5%,,,
,,physical_pierce,5,,,
,,magic_pierce,5,,,
,,critical_rate,15,,,
,,max_mp,-100,,,
斃魔斯,stats,atk,6%,,,
,,matk,6%,,,
,,physical_pierce,8%,,,
,,magic_pierce,8%,,,
,,critical_rate,17,,,
,,max_mp,-150,,,
,other,enhancer,席比拉雷斯,,,
獅哥東,stats,atk,10%,,,
,,matk,10%,,,
,,aspd,10%,,,
,,cspd,10%,,,
,,max_hp,-20%,,,
,,dex,5%,sub.shield,,
,,magic_pierce,5%,body.dodge,,
,,,,,,
,,,,,,
,,,,,,
,,,,,,
,,,,,,
,,,,,,
,,,,,,
,,,,,,
,,,,,,
,,,,,,
,,,,,,
,,,,,,
,,,,,,
,,,,,,
,,,,,,
,,,,,,
1,4,活動王（區域）,,,,
加納瑪龜,stats,max_hp,3000,,Gopherga,
,,physical_resistance,3,,,
,,magic_resistance,3,,,
,,short_range_damage,6,,,
,,aggro,15,,,
尤維麗婭,stats,max_mp,300,,Yuveria,
,,physical_resistance,3,,,
,,magic_resistance,3,,,
,,short_range_damage,6,,,
,,aggro,-15,,,
,other,enhancer,加納瑪龜,,,Gopherga
大管家普羅姆斯,stats,max_hp,6000,,,
,,weapon_atk,4%,,,
,,motion_speed,2%,,,
,,additional_meele,100%,,,
,,,,,,
,,,,,,
,,,,,,
,,,,,,
,,,,,,
,,,,,,
,,,,,,
,,,,,,
,,,,,,
,,,,,,
,,,,,,
,,,,,,
,,,,,,
,,,,,,
,,,,,,
1,5,活動王（小怪）,,,,
,,,,,,
,,,,,,
0,2,追加裝備,,,,
1,0,定點王,,,,
狂暴龍,stats,critical_rate,6,,Warmonger,
,,critical_damage,2,,,
機甲獅將,stats,critical_rate,8,,Proto Leon,
,,critical_damage,3,,,
,other,enhancer,狂暴龍,,,Warmonger
皮多大王,stats,critical_rate,10,,King Piton,
,,critical_damage,4,,,
,other,enhancer,機甲獅將,,,Proto Leon
灼龍伊戈涅烏斯,stats,critical_rate,15,,Burning Dragon Igneus,
,,critical_damage,8,,,
,,agi,3%,,,
,other,enhancer,皮多大王,,,King Piton
上古女帝,stats,short_range_damage,-10,,Ancient Empress,
,,matk,3%,,,
,,cspd,50%,,,
上古女帝Ⅱ,stats,short_range_damage,-20,,Ancient Empress II,
,,matk,5%,,,
,,cspd,30%,,,
,other,enhancer,上古女帝,,,Ancient Empress
,obtain,name,上古女帝@高難普通,,,Ancient Empress@High Difficulty Normal
草龍耶弗,stats,long_range_damage,-10,,Grass Dragon Yelb,
,,atk,3%,,,
,,aspd,50%,,,
放浪魔輪,stats,long_range_damage,-14,,Wandering Wheel,
,,atk,5%,,,
,,aspd,75%,,,
,other,enhancer,草龍耶弗,,,Grass Dragon Yelb
戈爾多,stats,long_range_damage,-15,,Gordo,
,,atk,7%,,,
,,aspd,80%,,,
,other,enhancer,放浪魔輪,,,Wandering Wheel
放浪魔輪．改,stats,long_range_damage,-16,,Neo Wandering Wheel,
,,matk,5%,,,
,,cspd,75%,,,
,other,enhancer,放浪魔輪,,,Wandering Wheel
,obtain,name,放浪魔輪@7周年特殊競技場,,,Wandering Wheel@EX Arena Entry (7th Anniv)
薄暮巨龍,stats,short_range_damage,4,,Twilight Dragon,
,,long_range_damage,4,,,
,,unsheathe_attack_multiplier,4,,,
巴瘋魔,stats,short_range_damage,6,,Baphomela,
,,long_range_damage,6,,,
,,unsheathe_attack_multiplier,6,,,
,other,enhancer,薄暮巨龍,,,Twilight Dragon
深謀的青影,stats,short_range_damage,8,,Prudent Blue Shadow,
,,long_range_damage,8,,,
,,unsheathe_attack_multiplier,8,,,
,,max_mp,-150,,,
,other,enhancer,巴瘋魔,,,Baphomela
禁忌舞者,stats,short_range_damage,10,,,
,,long_range_damage,10,,,
,,unsheathe_attack_multiplier,10,,,
,,max_mp,-200,,,
,other,enhancer,深謀的青影,,,
夏翁,stats,critical_rate,15,,Mercy,
,,aggro,-15,,,
畢龍災比歐,stats,atk,5%,,Junior Dragon Zyvio,
,,critical_rate,15,,,
,,max_mp,100,,,
,,guard_break,5,,,
古拉,stats,atk,10%,,,
,,critical_rate,15,,,
,,max_mp,200,,,
,,guard_break,10,,,
,other,enhancer,畢龍災比歐,,,
,,,,,,
,,,,,,
,,,,,,
,,,,,,
,,,,,,
,,,,,,
,,,,,,
,,,,,,
,,,,,,
,,,,,,
,,,,,,
,,,,,,
,,,,,,
1,1,區域王,,,,
黄金骨,stats,aspd,300,,Golden Skeleton,
,,max_hp,-10%,,,
茲露咪,stats,aspd,450,,Solopy,
,,max_hp,-15%,,,
,other,enhancer,黃金骨,,,Golden Skeleton
賽提羅,stats,cspd,300,,Seltirios,
,,max_mp,-150,,,
鬼熊蟲,stats,cspd,450,,Tardigrandemon,
,,max_mp,-200,,,
,other,enhancer,賽提羅,,,Seltirios
巨型野豬,stats,short_range_damage,1,,Giant Boar,
,,max_hp,50,,,
,,max_mp,50,,,
大綿羊駝,stats,short_range_damage,6,,Mega Alpoca,
,,max_hp,300,,,
,,max_mp,300,,,
,other,enhancer,巨型野豬,,,Giant Boar
自走砲,stats,max_hp,500,,Grylle,
,,guard_power,5,,,
,,def,5%,,,
梵緹卡,stats,max_hp,5000,,,
,,guard_power,15,,,
,,def,10%,,,
,other,enhancer,自走砲,,,Grylle
奧布西亞,stats,max_hp,7000,,,
,,guard_power,15,,,
,,def,15%,,,
,,physical_resistance,10%,,,
,other,enhancer,梵緹卡,,,
鏽蝕騎士團長,stats,def,100,,Corroded Knight Captain,
,,mdef,100,,,
,,physical_barrier,500,,,
,,magical_barrier,500,,,
高貴梁龍,stats,def,150,,Exdocus,
,,mdef,150,,,
,,physical_barrier,1500,,,
,,magical_barrier,1500,,,
,other,enhancer,鏽蝕騎士團長,,,Corroded Knight Captain
巨指馬其納,stats,max_hp,20%,,Dusk Machina,
,,aggro,10,,,
,,long_range_damage,-10,,,
擔輪普原生素幼體,stats,max_hp,20%,,Trocostida,
,,critical_rate,5,,,
,,aggro,15,,,
,,long_range_damage,-10,,,
,other,enhancer,巨指馬其納,,,Dusk Machina
低音犛牛,stats,critical_damage,4,,Altoblepas,
,,dex,1%,,,
,,accuracy,-20%,,,
吉瓦,stats,matk,8%,,,
,,critical_damage,6,,,
,,dex,3%,,,
,,accuracy,-20%,,,
,other,enhancer,低音犛牛,,,Altoblepas
金拳角獸,stats,max_hp,2000,,Goldenia,
,,fractional_barrier,10,,,
,,max_mp,-300,,,
內吉木之主,stats,max_hp,3000,,,
,,vit,2%,,,
,,critical_rate,10,,,
,,short_range_damage,3,knuckle,,
,,,,,,
,,,,,,
,,,,,,
1,2,小怪,,,,
,,,,,,
,,,,,,
1,3,活動王（定點）,,,,
,,,,,,
陽光波多姆,stats,aspd,300,,Sunlight Potum,
,,cspd,300,,,
,,max_hp,-5%,,,
,,max_mp,-75,,,
耀星波多姆,stats,aspd,900,,,
,,cspd,900,,,
,,max_hp,-10%,,,
,,max_mp,-150,,,
,other,enhancer,陽光波多姆,,,
巧克流漿,stats,cspd,500,,Chocolate Ooze,
,,max_mp,200,,,
,,max_hp,-10%,,,
,obtain,name,巧克流漿@1,,,Chocolate Ooze@I
巧克流漿II,stats,cspd,600,,Chocolate Ooze II,
,,max_mp,300,,,
,,max_hp,-15%,,,
,other,enhancer,巧克流漿,,,Chocolate Ooze
,obtain,name,巧克流漿@2,,,Chocolate Ooze@II
塞爾多納,stats,cspd,800,,Soldner,
,,max_mp,400,,,
,,max_hp,-20%,,,
,other,enhancer,巧克流漿II,,,Chocolate Ooze II
,obtain,name,掮客哥布林,,,Broker Goblin
凝膠糖精,stats,aspd,500,,Candela,
,,max_hp,10%,,,
,,max_mp,-200,,,
,obtain,name,凝膠糖精@1,,,Candela@I
凝膠糖精II,stats,aspd,600,,Candela II,
,,max_hp,20%,,,
,,max_mp,-250,,,
,other,enhancer,凝膠糖精,,,Candela
,obtain,name,凝膠糖精@2,,,Candela@II
阿瑪爾貢,stats,aspd,800,,Amargon,
,,max_hp,30%,,,
,,max_mp,-300,,,
,other,enhancer,凝膠糖精II,,,Candela II
,obtain,name,掮客哥布林,,,Broker Goblin
南瓜王,stats,attack_mp_recovery,3,,Pumpking,
,,fire_resistance,2,,,
,,critical_damage,1,,,
賈莉若,stats,attack_mp_recovery,6,,Jeila,
,,fire_resistance,4,,,
,,critical_damage,2,,,
,other,enhancer,南瓜王,,,Pumpking
柔艾,stats,attack_mp_recovery,9,,Zoe,
,,fire_resistance,6,,,
,,critical_damage,3,,,
,other,enhancer,賈莉若,,,Jeila
薩斯,stats,attack_mp_recovery,12,,Zarth,
,,fire_resistance,8,,,
,,critical_damage,4,,,
,other,enhancer,柔艾,,,Zoe
聖萬狼,stats,attack_mp_recovery,15,,Neewollah,
,,fire_resistance,10,,,
,,critical_damage,5,,,
,other,enhancer,薩斯,,,Zarth
愛普瑪布,stats,attack_mp_recovery,18,,Eripmav,
,,fire_resistance,12,,,
,,critical_damage,6,,,
,other,enhancer,聖萬狼,,,Neewollah
幽靈兵甲Ⅱ,stats,critical_rate,10,,Gespenst II,
,,accuracy,30,,,
,,max_mp,200,,,
,,cspd,400,,,
,obtain,name,幽靈兵甲@高難普通,,,Gespenst@High Difficulty Normal
黏液諾瓦,stats,critical_rate,20,,,
,,accuracy,60,,,
,,max_mp,300,,,
,,cspd,600,,,
,other,enhancer,幽靈兵甲Ⅱ,,,Gespenst II
八代紅豆媽,stats,critical_rate,10,,Yashiro Azuki's Mom,
,,physical_resistance,5,,,
,,magic_resistance,5,,,
,,reduce_dmg_bullet,10,,,
愛利貝,stats,magic_pierce,10,,Eidenliebe,
,,max_hp,12%,,,
,,aggro,-15,,,
甜納許,stats,matk,3%,,Garnache,
,,magic_pierce,10,,,
,,max_hp,18%,,,
,,aggro,-15,,,
,other,enhancer,愛利貝,,,Eidenliebe
愛亞克,stats,matk,10%,,,
,,magic_pierce,10,,,
,,max_hp,24%,,,
,,aggro,-15,,,
,,motion_speed,1,staff,,
,other,enhancer,甜納許,,,
蜜愛麗,stats,magic_pierce,10,,Mieli,
,,critical_rate,20%,,,
,,aspd,400,,,
,,cspd,400,,,
,,max_hp,-20%,,,
大尺碼佩魯魯,stats,short_range_damage,10%,,,
,,max_hp,30%,,,
,,critical_rate,50%,,,
,,max_mp,-100,,,
,,physical_pierce,-10,body.dodge,,
,,,,,,
手工餅乾,stats,physical_pierce,10,,Handmade Cookie,
,,max_hp,12%,,,
,,aggro,-15,,,
糖明凰,stats,atk,3%,,Alfenix,
,,physical_pierce,10,,,
,,max_hp,18%,,,
,,aggro,-15,,,
,other,enhancer,手工餅乾,,,Handmade Cookie
哥布林·祖庫托,stats,atk,10%,,,
,,physical_pierce,10,,,
,,max_hp,24%,,,
,,aggro,-15,,,
,,motion_speed,1,sub.shield,,
,other,enhancer,糖明凰,,,
邪惡雷菲娜,stats,atk,8%,,Evil Lefina,
,,physical_pierce,10,,,
,,critical_rate,12,,,
,,matk,-4%,,,
,,physical_resistance,-20,,,
,,physical_resistance,24,body.defense,,
,,,,,,
海騎士,stats,matk,6%,,Adaro,
,,critical_damage,6,,,
,,max_hp,1000,,,
,,aggro,10,body.defense,,
海底遺跡的怪物,stats,matk,8%,,Underwater Ruins Monster,
,,critical_damage,8,,,
,,max_hp,1000,,,
,,aggro,20,body.defense,,
,other,enhancer,海騎士,,,Adaro
,obtain,name,海騎士@高難度,,,Adaro@High Difficulty
福巴勒斯,stats,long_range_damage,9,,Falburrows,
,,max_mp,200,,,
,,dodge,10%,,,
,,absolute_dodge,5,,,
,,short_range_damage,9,bowgun,,
納露米娜,stats,matk,4%,,Narumi Hina,
,,long_range_damage,3,,,
,,cspd,20%,,,
,,aggro,-10,,,
八代紅豆媽Ⅱ,stats,matk,5%,,Yashiro Azuki's Mom II,
,,long_range_damage,3,,,
,,cspd,20%,,,
,,aggro,-10,,,
,other,enhancer,納露米娜,,,Narumi Hina
,obtain,name,†闇王†,,,†Dark Lord†
八代紅豆爸,stats,atk,4%,,Yashiro Azuki's Dad,
,,short_range_damage,3,,,
,,aspd,20%,,,
,,aggro,-10,,,
,obtain,name,納露米娜,,,Narumi Hina
†闇王†,stats,atk,5%,,†Dark Lord†,
,,short_range_damage,3,,,
,,aspd,20%,,,
,,aggro,-10,,,
,other,enhancer,八代紅豆爸,,,Yashiro Azuki's Dad
,obtain,name,†闇王†,,,†Dark Lord†
G伊科諾斯,stats,max_hp,1000,,G. Iconos,
,,reduce_dmg_charge,10,,,
,obtain,name,黃金伊科諾斯,,,Golden Iconos
幸運蛙,stats,max_hp,2000,,Felicitoad,
,,reduce_dmg_charge,10,,,
,,reduce_dmg_straight_line,10,,,
,other,enhancer,G伊科諾斯,,,G. Iconos
金寶石,stats,max_hp,3000,,Goldigem,
,,reduce_dmg_charge,10,,,
,,reduce_dmg_straight_line,10,,,
,,reduce_player_epicenter,10,,,
,other,enhancer,幸運蛙,,,Felicitoad
金大拳,stats,max_hp,5000,,,
,,reduce_dmg_charge,10,,,
,,reduce_dmg_straight_line,10,,,
,,reduce_player_epicenter,10,,,
,,reduce_dmg_foe_epicenter,10,,,
,other,enhancer,金寶石,,,
鬥牛王,stats,aggro,-20,,Ox King,
,obtain,name,枕頭北側@鬥牛王,,,Pillow Kitagawa@Ox King
枕頭北側,stats,unsheathe_attack_multiplier,8,,Pillow Kitagawa,
,,critical_rate,4,,,
,,max_hp,2000,,,
,,revive_time,20,,,
,other,enhancer,鬥牛王,,,Ox King
枕頭北側II,stats,unsheathe_attack_multiplier,12,,,
,,critical_rate,6,,,
,,max_hp,3000,,,
,,revive_time,30,,,
,other,enhancer,枕頭北側,,,
王之鬥牛王,stats,short_range_damage,8,,Royal Ox King,
,,accuracy,40,,,
,,max_mp,200,,,
,,max_hp,-20%,,,
,other,enhancer,鬥牛王,,,Ox King
,obtain,name,枕頭北側@鬥牛王,,,Pillow Kitagawa@Ox King
王之鬥牛王II,stats,short_range_damage,12,,,
,,accuracy,50,,,
,,max_mp,200,,,
,,max_hp,-30%,,,
,other,enhancer,王之鬥牛王,,,
,obtain,name,枕頭北側@鬥牛王,,,
絲岩枕頭,stats,critical_rate,50%,,,
,,physical_resistance,5%,,,
,,magic_resistance,5%,,,
,,critical_rate,-5,,,
,other,enhancer,鬥牛王,,,
,obtain,name,枕頭北側@絲岩枕頭,,,
魔力費雷西亞,stats,matk,9%,,Mage Filecia,
,,int,3%,,,
,,stability,6,,,
,,guard_break,10,staff,,
,,reduce_dmg_bowling,20,magic_device,,
吉普莉爾I,stats,short_range_damage,3%,,,
,,long_range_damage,5%,,,
,,max_mp,100,,,
,,critical_rate,8,,,
,,anticipate,1%,,,
,,natural_mp_regen,2,,,
,,natural_mp_regen,4%,,,
,obtain,name,吉普莉爾（40、90）,,,
吉普莉爾II,stats,short_range_damage,6%,,,
,,long_range_damage,8%,,,
,,max_mp,100,,,
,,critical_rate,12,,,
,,anticipate,2%,,,
,,natural_mp_regen,4,,,
,,natural_mp_regen,8%,,,
,obtain,name,吉普莉爾（140、190）,,,
,other,enhancer,吉普莉爾I,,,
吉普莉爾III,stats,short_range_damage,9%,,,
,,long_range_damage,11%,,,
,,max_mp,100,,,
,,critical_rate,16,,,
,,anticipate,3%,,,
,,natural_mp_regen,6,,,
,,natural_mp_regen,12%,,,
,obtain,name,吉普莉爾（240）,,,
,other,enhancer,吉普莉爾II,,,
卡斯蒂莉亞,stats,short_range_damage,12%,,,
,,long_range_damage,6%,,,
,,accuracy,10%,,,
,,aspd,-900,,,
,,motion_speed,5%,magic_device,,
,,magic_pierce,10%,sub.ninjutsu_scroll,,
,obtain,name,卡斯蒂莉亞,,,
魔影騎屍,stats,atk,6%,,,
,,short_range_damage,6%,,,
,,stability,6%,,,
,,max_mp,-100,,,
,,light_resistance,-10%,,,
,,revive_time,10%,,,
,,,,,,
,,,,,,
,,,,,,
,,,,,,
巨型波雞,stats,drop_rate,1,,Grand Pojo,
佩羅,stats,drop_rate,1,,Perro,
紅白小野豬,stats,drop_rate,1,,,
麻糬鼠,stats,drop_rate,1,,Omochi,
阿牛牛,stats,drop_rate,1,,Bonivio,
呼嚕咪,stats,drop_rate,1,,Purro,
跳跳兔,stats,drop_rate,1,,Lunadore,
天籟龍,stats,drop_rate,1,,,
野槌巳蛇,stats,drop_rate,1,,,
,,,,,,
,,,,,,
,,,,,,
,,,,,,
1,4,活動王（區域）,,,,
鯊魚波多姆,stats,critical_damage,6,,,
,,aspd,900,,,
,,max_hp,-30%,,,
,other,enhancer,茲露咪,,,
,,,,,,
1,5,活動王（小怪）,,,,
,,,,,,
,,,,,,
0,3,特殊裝備,,,,
1,0,定點王,,,,
詭譎的結晶,stats,attack_mp_recovery,5,,Eerie Crystal,
熱帶夢貘,stats,attack_mp_recovery,10,,Tapir,
,other,enhancer,詭譎的結晶,,,Eerie Crystal
神奇結晶,stats,attack_mp_recovery,5,,Mysterious Crystal,
,,unsheathe_attack_multiplier,5,body.dodge,,
,,stability,5,body.defense,,
,,attack_mp_recovery,5,sub.1h_sword,,
,other,enhancer,詭譎的結晶,,,Eerie Crystal
,obtain,name,神奇結晶@7周年特殊競技場,,,Mysterious Crystal@EX Arena Entry (7th Anniv)
甜點精,stats,attack_mp_recovery,15,,Patissia,
,,accuracy,25,,,
,other,enhancer,熱帶夢貘,,,Tapir
席卡諾加米,stats,short_range_damage,5,,Sicanokami,
,,attack_mp_recovery,20,,,
,,accuracy,50,,,
,,long_range_damage,5,halberd,,
,other,enhancer,甜點精,,,Patissia
黑利古希,stats,attack_mp_recovery,20,,,
,,aspd,300,,,
,,ailment_resistance,10%,,,
,,aggro,40%,,,
,,barrier_cooldown,10%,body.dodge,,
,,fractional_barrier,10%,body.defense,,
,obtain,name,詭譎的結晶@黑利古希,,,
黏液怪,stats,atk,2%,,Ooze,
,,matk,2%,,,
,,def,-2%,,,
,,mdef,-2%,,,
妖精魔獸拉瓦達,stats,atk,4%,,Lalvada,
,,matk,4%,,,
,,def,-4%,,,
,,mdef,-4%,,,
,other,enhancer,黏液怪,,,Ooze
多米納雷多爾,stats,atk,8%,,Dominaredor,
,,matk,8%,,,
,,aspd,20%,,,
,,reduce_dmg_floor,20%,,,
,other,enhancer,妖精魔獸拉瓦達,,,Lalvada
葛瓦,stats,unsheathe_attack,100,,Goovua,
,,evasion_regenerate,6,,,
,,agi,3%,,,
魔晶砲手,stats,critical_rate,5,,Bexiz,
,,weapon_atk,10%,,,
,,accuracy,15%,,,
,,max_mp,-100,,,
齊爾布茲,stats,critical_rate,8,,Zelbuse,
,,weapon_atk,12%,,,
,,accuracy,16%,,,
,,max_mp,-150,,,
,other,enhancer,魔晶砲手,,,Bexiz
兵龍達魯巴,stats,critical_rate,11,,War Dragon Turba,
,,weapon_atk,14%,,,
,,accuracy,17%,,,
,,max_mp,-200,,,
,other,enhancer,齊爾布茲,,,Zelbuse
薇芮娜,stats,max_mp,500,,Venena,
,,atk,1%,,,
,,matk,1%,,,
,,stability,2,,,
薇芮娜Ⅱ,stats,max_mp,600,,Venena II,
,,atk,2%,,,
,,matk,2%,,,
,,stability,3,,,
,other,enhancer,薇芮娜,,,Venena
,obtain,name,薇芮娜．超寇珥連生體,,,Venena Metacoenubia
修米達,stats,max_mp,700,,,
,,atk,4%,,,
,,matk,4%,,,
,,stability,4%,,,
,other,enhancer,薇芮娜Ⅱ,,,
結晶泰坦,stats,max_hp,1000,,Crystal Titan,
,,max_hp,10%,,,
,,fractional_barrier,10%,,,
麻吧喞,stats,max_hp,3000,,,
,,max_hp,20%,,,
,,fractional_barrier,15%,,,
,,atk_up_vit,25%,,,
,other,enhancer,結晶泰坦,,,
澤雷薩烏迦,stats,critical_rate,15,,Seele Zauga,
,,physical_resistance,5,,,
,,magic_resistance,5,,,
,,item_cooldown,-1,,,
澤雷薩烏迦II,stats,critical_rate,20,,Seele Zauga II,
,,physical_resistance,10,,,
,,magic_resistance,10,,,
,,item_cooldown,-1,,,
,other,enhancer,澤雷薩烏迦,,,
,,,,,,
,,,,,,
,,,,,,
,,,,,,
1,1,區域王,,,,
黑魔菇,stats,atk,1%,,Dark Mushroom,
,,matk,1%,,,
,,motion_speed,1,,,
塔圖羅基特,stats,atk,6%,,Teertocrit,
,,matk,6%,,,
,,motion_speed,2,,,
,other,enhancer,黑魔菇,,,Dark Mushroom
石動魔兵,stats,guard_regenerate,4,,Stone Mercenary,
,,aggro,8,,,
,,atk,-6%,,,
噬人蠍獅,stats,guard_regenerate,5,,Memecoleous,
,,aggro,12,,,
,,atk,-4%,,,
,other,enhancer,石動魔兵,,,Stone Mercenary
小浣熊,stats,evasion_regenerate,4,,Violaccoon,
,,aggro,8,,,
,,matk,-6%,,,
閃靈紳士,stats,attack_mp_recovery,3,,Shining Gentleman,
,,atk,1%,,,
,,matk,1%,,,
,,critical_damage,1%,,,
死靈,stats,attack_mp_recovery,4,,Espectro,
,,atk,2%,,,
,,matk,2%,,,
,,critical_damage,2%,,,
,other,enhancer,閃靈紳士,,,Shining Gentleman
老嫗,stats,matk,100,,Granny,
,,cspd,-1000,,,
嚴寒雪怪,stats,atk,100,,Don Yeti,
,,aspd,-1000,,,
汙濁泥怪,stats,additional_magic,50,,Grimuckus,
,,matk,1%,,,
,,aspd,250,,,
兇暴花魔,stats,additional_meele,50,,Frenzy Viola,
,,atk,1%,,,
,,aspd,250,,,
兇暴花魔．G,stats,additional_meele,75%,,,
,,additional_magic,75%,,,
,,additional_meele,25%,1h_sword,,
,,additional_magic,25%,magic_device,,
,other,enhancer,兇暴花魔,,,
,obtain,name,九周年EX,,,
沙盜團首領,stats,evasion_regenerate,8,,Sand Bandits Leader,
,,aggro,16,,,
,,matk,-5%,,,
,other,enhancer,小浣熊,,,Violaccoon
伊貢,stats,evasion_regenerate,12,,,
,,aggro,24,,,
,,matk,-4%,,,
,other,enhancer,沙盜團首領,,,
,,,,,,
噴出岩,stats,max_hp,1000,,Ignitrus,
,,max_mp,100,,,
,,fire_resistance,20,,,
,,stronger_against_fire,5,,,
月霞喵,stats,attack_mp_recovery,5,,Wolkissa,
,,vit,5%,,,
,,ailment_resistance,5,,,
,,aggro,15,sub.shield,,
圖雷茲,stats,guard_break,10%,,Trus,
,,physical_pierce,10%,,,
,,stun_unavailable,1,,,
,,guard_regenerate,25%,2h_sword,,
,,guard_power,25%,2h_sword,,
沃達蕾螈,stats,anticipate,5%,,Vodre,
,,physical_resistance,5%,,,
,,magic_resistance,5%,,,
,,critical_damage,-150,,,
,,,,,,
,,,,,,
,,,,,,
,,,,,,
1,2,小怪,,,,
,,,,,,
,,,,,,
1,3,活動王（定點）,,,,
寄生樹,stats,attack_mp_recovery,3,,Viscum,
,,max_hp,100,,,
寄生邪凰,stats,attack_mp_recovery,6,,Deniala,
,,max_hp,1000,,,
,other,enhancer,寄生樹,,,Viscum
魔融迦姆,stats,attack_mp_recovery,9,,Amalgam,
,,max_hp,2000,,,
,other,enhancer,寄生邪凰,,,Deniala
結晶死神,stats,attack_mp_recovery,11,,Crysmort,
,,max_hp,3000,,,
,,stability,1,,,
,other,enhancer,魔融迦姆,,,Amalgam
布利塔,stats,attack_mp_recovery,15,,Breeta,
,,max_hp,5000,,,
,,stability,2,,,
,other,enhancer,結晶死神,,,Crysmort
龍魔女,stats,critical_damage,5%,,Dragon Witch,
,,attack_mp_recovery,-100%,,,
,obtain,name,賈莉若@地獄,,,Jelia@Very Hard
,,,,,,
微煎明太子,stats,max_mp,300,,Choiyaki Mentai,
,,short_range_damage,2,,,
,,fire_resistance,1,,,
,,matk,-10%,,,
,,reduce_dmg_floor,-20,,,
魔偶,stats,attack_mp_recovery,10,,Titeres,
,,dodge,20,,,
,,dodge,10%,,,
,,absolute_dodge,5,,,
費莉妍,stats,max_mp,300,,Felien,
,,accuracy,20,,,
,,accuracy,10%,,,
,,absolute_accuracy,5,,,
邪惡雷菲娜改,stats,max_mp,500,,,
,,accuracy,50,,,
,,accuracy,20%,,,
,,absolute_accuracy,10,,,
,other,enhancer,費莉妍,,,
告死亡靈,stats,unsheathe_attack_multiplier,10,,Specter of Death,
,,accuracy,15%,,,
,,aggro,-20,,,
,obtain,name,幽靈兵甲@高難地獄,,,Gespenst@High Difficulty Hell
龍．伏爾加,stats,critical_rate,20%,,Volgagon,
,,aspd,1000,,,
,,cspd,-80%,,,
愛德華茲,stats,critical_rate,40%,,Etoise,
,,aspd,1100,,,
,,motion_speed,5%,,,
,,cspd,-70%,,,
,other,enhancer,龍．伏爾加,,,Volgagon
波多姆特,stats,max_mp,400,,Potumotter,
,,aggro,-30,,,
,,neutral_resistance,20,,,
波多姆特II,stats,max_mp,400,,,
,,motion_speed,1,,,
,,aggro,-30,,,
,,neutral_resistance,25,,,
,other,enhancer,波多姆特,,,
波多姆特III,stats,max_mp,500,,,
,,motion_speed,2,,,
,,aggro,-30,,,
,,neutral_resistance,30,,,
,other,enhancer,波多姆特II,,,
暗之魔兵長withB,stats,short_range_damage,3,,Dark Captain with B,
,,max_hp,3000,,,
,,unsheathe_attack_multiplier,3,,,
,,max_mp,-150,,,
,,fire_resistance,10,,,
,,water_resistance,10,,,
,,wind_resistance,10,,,
,,earth_resistance,15,,,
,obtain,name,佐魯邦@馬奇史東之路5,,,Zolban@Megiston 2020
星之魔導士,stats,matk,9%,,Star Wizard,
,,cspd,9%,,,
,,anticipate,9,,,
,,aggro,-9,staff,,
,,aggro,9,sub.shield,,
,obtain,name,奈亞達,,,Naiata
幽森的黑巫女,stats,cspd,20%,,Ghost Forest Dark Shaman,
,,evasion_regenerate,10%,,,
,,magic_pierce,5%,,,
,,max_mp,-300,,,
,,stability,5%,sub.shield,,
,,atk,-10%,sub.shield,,
,obtain,name,席比拉雷斯,,,Sibylares
黏液諾瓦II,stats,atk,5%,,Stellar Ooze II,
,,unsheathe_attack_multiplier,5%,,,
,,physical_pierce,5%,,,
,,max_mp,150,,,
,,natural_mp_regen,15%,,,
,,reduce_dmg_bowling,15%,,,
,,revive_time,60%,,,
,obtain,name,黏液諾瓦@地獄,,,Stellar Ooze@Hell
掮客哥布林,stats,max_mp,300,,Broker Goblin,
,,long_range_damage,3,,,
,,dex,3%,,,
,,long_range_damage,5,sub.arrow,,
,,additional_meele,50,sub.dagger,,
,,aggro,25,sub.shield,,
茄龍歐瓦比昂,stats,max_mp,300,,Aubergine Dragon Auvio,
,,short_range_damage,4%,,,
,,aspd,500,,,
,,long_range_damage,-12%,,,
,,unsheathe_attack_multiplier,5,sub.ninjutsu_scroll,,
,,critical_rate,5,sub.ninjutsu_scroll,,
叫聲的禍影,stats,max_mp,300,,,
,,critical_rate,20%,,,
,,cspd,1000,,,
,,def,-40%,,,
海晶龍,stats,short_range_damage,2,,,
,,stability,2,,,
,,physical_resistance,3,,,
,,magic_resistance,3,,,
,,max_mp,-100,,,
,,ailment_resistance,5,sub.shield,,
深海晶怪獸,stats,short_range_damage,4,,,
,,stability,4,,,
,,physical_resistance,6,,,
,,magic_resistance,6,,,
,,max_mp,-200,,,
,,ailment_resistance,5,sub.shield,,
,other,enhancer,海晶龍,,,
機械神梅普露,stats,max_mp,200,,,
,,short_range_damage,10%,,,
,,physical_resistance,10%,,,
,,magic_resistance,10%,,,
,,ailment_resistance,5%,,,
,,fractional_barrier,5%,,,
,,physical_resistance,5%,body.defense,,
,,magic_resistance,5%,body.defense,,
,,fractional_barrier,10%,body.defense,,
奧羅拜德,stats,physical_resistance,10%,,,
,,magic_resistance,10%,,,
,,dark_resistance,20%,,,
,,aggro,20%,,,
,,,,,,
,,,,,,
,,,,,,
,,,,,,
1,4,活動王（區域）,,,,
黃金波多姆,stats,drop_rate,1,,Golden Potum,
阿喵蝦隊長,stats,max_hp,1000,,Captain Amiya,
,,max_mp,100,,,
,,attack_mp_recovery,10,,,
,,,,,,
,,,,,,
,,,,,,
,,,,,,
,,,,,,
,,,,,,
,,,,,,
,,,,,,
1,5,活動王（小怪）,,,,
魯札特,stats,critical_rate,10,,Ruzart,
,,dodge,10,,,
,obtain,name,夏日活動任務獎勵,,,
干支的祝福,stats,exp_rate,10%,,,
,,atk,10,,,
,,matk,10,,,
,,accuracy,10,,,
,,critical_rate,10,,,
,,def,100,,,
,,mdef,100,,,
,,aspd,100,,,
,,cspd,100,,,
,extra,caption,不可交易,,,
,obtain,name,2024參拜,,,
,,,,,,
,,,,,,
0,4,通用,,,,
1,0,定點王,,,,
森林巨狼,stats,dodge,6,,,
,,evasion_regenerate,2,,,
哥布林大哥,stats,atk,2%,,,
,,aggro,5,,,
,,critical_rate,-1,,,
哥布林老大,stats,atk,1%,,,
,,critical_rate,2%,,,
,,accuracy,-4,,,
遺跡魔像,stats,max_hp,200,,,
,,mdef,5%,,,
,,magic_resistance,1,,,
亞思托,stats,evasion_regenerate,3,,,
,,magic_resistance,1,,,
,,def,-10%,,,
科隆老大,stats,max_hp,70,,,
,,max_mp,30,,,
巨大奇蹟姆,stats,max_hp,700,,,
,,max_mp,300,,,
,,physical_pierce,1%,,,
,,magic_pierce,1%,,,
,other,enhancer,科隆老大,,,
,obtain,name,九周年EX,,,
幽靈兵甲,stats,max_mp,150,,Gespenst,
,,atk,-1%,,,
,,matk,-1%,,,
沙羅曼達,stats,max_mp,200,,Salamander,
,,atk,1%,,,
,,matk,1%,,,
,other,enhancer,幽靈兵甲,,,Gespenst
布拉米斯,stats,max_mp,250,,Bullamius,
,,atk,3%,,,
,,matk,3%,,,
,other,enhancer,沙羅曼達,,,Salamander
米諾陶斯,stats,max_hp,5%,,,
,,aspd,10%,,,
迪賽爾蠻龍,stats,atk,1%,,Brutal Dragon Decel,
,,matk,1%,,,
,,max_mp,-50,,,
約克,stats,atk,4%,,York,
,,matk,4%,,,
,,attack_mp_recovery,1,,,
,,max_mp,-75,,,
,other,enhancer,迪賽爾蠻龍,,,Brutal Dragon Decel
休斯古巨獸,stats,atk,6%,,Tuscog,
,,matk,6%,,,
,,attack_mp_recovery,2,,,
,,max_mp,-100,,,
,other,enhancer,約克,,,York
黑影,stats,atk,8%,,Black Shadow,
,,matk,8%,,,
,,attack_mp_recovery,3,,,
,,max_mp,-150,,,
,other,enhancer,休斯古巨獸,,,Tuscog
魯托塞薩,stats,atk,10%,,,
,,matk,10%,,,
,,attack_mp_recovery,4,,,
,,max_mp,-200,,,
,other,enhancer,黑影,,,
毛咕嚕,stats,max_hp,5%,,,
,,cspd,10%,,,
焰狼火各,stats,str,3,,Flare Volg,
,,long_range_damage,2,,,
,,magic_resistance,-4,,,
大克奧爾龍,stats,str,6,,Charugon,
,,short_range_damage,3,,,
,,long_range_damage,6,,,
,,magic_resistance,-12,,,
,other,enhancer,焰狼火各,,,Flare Volg
馬維茲,stats,max_mp,150,,,
,,critical_rate,2,,,
,,accuracy,-4%,,,
蒙面戰士,stats,attack_mp_recovery,2,,,
,,atk,1%,,,
,,matk,1%,,,
,,accuracy,-3,,,
,,max_hp,-3%,,,
奴雷德斯,stats,atk,3%,,Nurethoth,
,,matk,3%,,,
,,aspd,-150,,,
,,cspd,-150,,,
重裝魔偶,stats,atk,5%,,Guignol,
,,matk,5%,,,
,,aspd,-175,,,
,,cspd,-175,,,
,other,enhancer,奴雷德斯,,,Nurethoth
護衛魔像,stats,atk,9%,,Guard Golem,
,,matk,9%,,,
,,aspd,-225,,,
,,cspd,-225,,,
,other,enhancer,重裝魔偶,,,Guignol
 毗奴古爾迦,stats,atk,11%,,,
,,matk,11%,,,
,,aspd,-300,,,
,,cspd,-300,,,
,other,enhancer,護衛魔像,,,
奴德雷斯,stats,atk,2%,,Nuthoreth,
,,matk,2%,,,
,,aspd,150,,,
,,cspd,150,,,
,other,enhancer,奴雷德斯,,,Nurethoth
魔形機殼,stats,max_hp,300,,,
,,matk,3%,,,
,,long_range_damage,2,,,
,,natural_mp_regen,-10%,,,
,,physical_resistance,-20,,,
英薩聶奧,stats,weapon_atk,10,,,
,,fractional_barrier,3,,,
,,guard_regenerate,1,,,
,,attack_mp_recovery,-1,,,
紅晶魔蛛,stats,max_hp,400,,Aranea,
,,max_mp,200,,,
,,aggro,1,,,
炎咕嚕,stats,max_hp,600,,Blazingur,
,,max_mp,300,,,
,,aggro,2,,,
,other,enhancer,紅晶魔蛛,,,Aranea
布拉瑪,stats,max_hp,800,,,
,,max_mp,400,,,
,,aggro,3%,,,
,,aggro,3%,body.defense,,
,other,enhancer,炎咕嚕,,,
佛拉布喇,stats,short_range_damage,7,,Gravicep,
,,accuracy,3%,,,
,,max_mp,200,,,
,,max_hp,-100,,,
,,critical_rate,-5,,,
尉龍魯迪斯,stats,short_range_damage,9,,,
,,accuracy,5%,,,
,,max_mp,200,,,
,,max_hp,-300,,,
,,critical_rate,-7,,,
,other,enhancer,佛拉布喇,,,Gravicep
,,,,,,
,,,,,,
,,,,,,
,,,,,,
1,1,區域王,,,,
銀色洛爾,stats,attack_mp_recovery,4,,,
,,max_hp,-8%,,,
深紅魔蛙,stats,agi,3,,,
,,dodge,3,,,
,,evasion_regenerate,3,,,
,,critical_rate,-9,,,
阿米巴馬其納,stats,agi,6,,Amoeba Machine,
,,dodge,5,,,
,,evasion_regenerate,4,,,
,,critical_rate,-6,,,
,other,enhancer,深紅魔蛙,,,
大果怪,stats,ailment_resistance,1,,Big Coryn,
,,physical_resistance,1,,,
,,magic_resistance,1,,,
熾天馬其納,stats,ailment_resistance,3,,Seraph Machina,
,,physical_resistance,3,,,
,,magic_resistance,3,,,
,other,enhancer,大果怪,,,Big Coryn
麗瑪希娜,stats,ailment_resistance,5,,,
,,physical_resistance,5,,,
,,magic_resistance,5,,,
,other,enhancer,熾天馬其納,,,
巨型兵,stats,atk,1%,,Gigant Knight,
,,critical_damage,1,,,
,,str,1%,,,
,,accuracy,-10%,,,
,,critical_rate,-10%,,,
無頭惡魔處刑者,stats,atk,2%,,Volotur,
,,critical_damage,2,,,
,,str,2%,,,
,,accuracy,-10%,,,
,,critical_rate,-10%,,,
,other,enhancer,巨型兵,,,Gigant Knight
拉加布拉索,stats,atk,3%,,Octaray,
,,critical_damage,3,,,
,,str,3%,,,
,,accuracy,-10%,,,
,,critical_rate,-10%,,,
,other,enhancer,無頭惡魔處刑者,,,Volotur
幽靈王,stats,guard_regenerate,2,,,
,,guard_power,2,,,
,,evasion_regenerate,2,,,
,,ailment_resistance,-6,,,
貝貝蠟,stats,guard_regenerate,5%,,,
,,guard_power,5%,,,
,,evasion_regenerate,5%,,,
,,ailment_resistance,-15%,,,
,,motion_speed,3%,,,
,other,enhancer,幽靈王,,,
金屬刺蠍,stats,atk,2%,,Metal Stinger,
,,critical_damage,3,,,
,,motion_speed,-1,,,
,,magic_resistance,-10,,,
激進派專業兵長,stats,atk,3%,,Lyark Master Specialist,
,,critical_damage,4,,,
,,motion_speed,-2,,,
,,magic_resistance,-15,,,
,other,enhancer,金屬刺蠍,,,Metal Stinger
變異幽靈牛,stats,atk,6%,,Ageladanios,
,,critical_damage,8,,,
,,motion_speed,-1,,,
,,magic_resistance,-15,,,
,other,enhancer,激進派專業兵長,,,Lyark Master Specialist
枯飛葉,stats,atk,9%,,,
,,critical_damage,12,,,
,,motion_speed,0%,,,
,,magic_resistance,-15%,,,
,other,enhancer,變異幽靈牛,,,
奧狄隆馬其納,stats,unsheathe_attack_multiplier,7,,Odelon Machina,
,,dodge,-5%,,,
,,evasion_regenerate,-5,,,
,,unsheathe_attack_multiplier,3,katana,,
壓釘機,stats,unsheathe_attack_multiplier,9,,Tappler,
,,dodge,-5%,,,
,,evasion_regenerate,-3,,,
,,max_mp,-50,,,
,,unsheathe_attack_multiplier,3,katana,,
,other,enhancer,奧狄隆馬其納,,,Odelon Machina
百合冠,stats,unsheathe_attack_multiplier,11,,Lilicarolla ,
,,dodge,-5%,,,
,,max_mp,-100,,,
,,unsheathe_attack_multiplier,3,katana,,
,other,enhancer,壓釘機,,,Tappler
怪蜥狂信者,stats,critical_damage,3,,Fanadon,
,,reduce_player_epicenter,-3,,,
,,reduce_dmg_foe_epicenter,-3,,,
礦角龍,stats,critical_damage,9,,Orictoceras,
,,reduce_player_epicenter,-3,,,
,,reduce_dmg_foe_epicenter,-3,,,
,other,enhancer,怪蜥狂信者,,,Fanadon
米斯魯那大山貓,stats,short_range_damage,3,,Mithurna Lynx,
,,stability,3,,,
,,evasion_regenerate,3,,,
,,long_range_damage,-9,,,
窟蝠尼亞,stats,short_range_damage,4,,,
,,stability,4,,,
,,evasion_regenerate,4,,,
,,long_range_damage,-12,,,
,other,enhancer,米斯魯那大山貓,,,Mithurna Lynx
寶石獸,stats,max_hp,1000,,Carbuncle,
,,reflect,10,,,
,,dodge,-10%,,,
雷諾萊犀,stats,max_hp,10%,,Rhinosaur,
,,aspd,15%,,,
,,atk,5%,,,
,other,enhancer,米諾陶斯,,,Minotaur
暴獸利古希,stats,max_hp,15%,,,
,,aspd,20%,,,
,,atk,10%,,,
,,max_mp,-100%,,,
,other,enhancer,雷諾萊犀,,,
蓋蜥蠍,stats,critical_rate,10%,,Rampion,
,,stability,2,,,
,,short_range_damage,-1,,,
,,,,,,
,,,,,,
,,,,,,
1,2,活動王（定點）,,,,
波多姆大王,stats,max_hp,10%,,,
,,physical_resistance,-5,,,
,,magic_resistance,-5,,,
白金波多姆,stats,max_hp,20%,,,
,,physical_resistance,-10,,,
,,magic_resistance,-10,,,
,other,enhancer,波多姆大王,,,
蛋糕波多姆,stats,max_hp,30%,,,
,,physical_resistance,-15,,,
,,magic_resistance,-15,,,
,other,enhancer,白金波多姆,,,
馬奇史東,stats,str,1,,,
,,int,1,,,
,,vit,1,,,
,,agi,1,,,
,,dex,1,,,
,,max_hp,100,,,
,,max_mp,50,,,
,obtain,name,寶箱道具@周年歡慶箱,,,
超級魔菇,stats,max_hp,500,,,
,,short_range_damage,1,,,
,,long_range_damage,1,,,
製作人化身,stats,exp_rate,1,,P. Avatar,
,,fire_resistance,1,,,
,,water_resistance,1,,,
,,wind_resistance,1,,,
,,earth_resistance,1,,,
,,light_resistance,1,,,
,,dark_resistance,1,,,
八代紅豆,stats,exp_rate,1,,Yashiro Azuki,
,,max_hp,200,,,
,,max_mp,100,,,
格爾咪,stats,max_hp,200,,Gerumi,
,,max_mp,100,,,
強強格爾咪,stats,max_hp,400,,,
,,max_mp,200,,,
,,stability,2,,,
,,accuracy,2,,,
,,critical_rate,4,,,
,other,enhancer,格爾咪,,,
舒爾,stats,anticipate,5,,Shawle,
,,guard_break,5,,,
,,accuracy,20%,,,
,,aggro,10,,,
圖塔涅,stats,anticipate,6,,Dutannen,
,,guard_break,6,,,
,,accuracy,30%,,,
,,aggro,10,,,
,other,enhancer,舒爾,,,Shawle
帕喬斯北枕,stats,exp_rate,1,,Panchos Kita Makura,
,,critical_rate,5,,,
,,accuracy,3,,,
,obtain,name,†闇王†,,,†Dark Lord† 
章魚阿健,stats,attack_mp_recovery,5,,Gigantic Octopus,
,,critical_rate,10,,,
,,aspd,150,,,
,,cspd,200,,,
,,fire_resistance,-4%,,,
,,ailment_resistance,-2%,,,
,,reduce_dmg_bowling,-1%,,,
彼方殘影,stats,short_range_damage,10%,,,
,,physical_pierce,5%,,,
,,aspd,-250,,,
,obtain,name,斃魔斯.地獄(300),,,
科隆教父,stats,matk,10%,,,
,,critical_rate,20%,,,
,,accuracy,-40,,,
,other,enhancer,哥布林老大,,,
,,,,,,
,,,,,,
,,,,,,
1,3,活動王（區域）,,,,
白蘿蔔怪,stats,stability,4,,Radibat,
,,accuracy,4%,,,
,,critical_rate,4%,,,
茄子怪,stats,stability,5,,Melancia,
,,accuracy,5%,,,
,,critical_rate,5%,,,
,other,enhancer,白蘿蔔怪,,,Radibat
奇露米娜,stats,stability,6,,,
,,accuracy,6%,,,
,,critical_rate,6%,,,
,other,enhancer,茄子怪,,,
燈飾小結者,stats,critical_rate,25%,,Illuminitor,
,,additional_meele,25,,,
,,additional_magic,25,,,
,,aspd,-25,,,
1,4,小怪,,,,
STR+1,stats,str,1,,,
,obtain,name,比克鳥,,,
STR+2,stats,str,2,,,
,obtain,name,骨架兵,,,
STR+3,stats,str,3,,,
,obtain,name,庫雷古,,,
STR+4,stats,str,4,,,
,obtain,name,飛兔劊子手,,,
STR+5,stats,str,5,,,
,obtain,name,巨角山羊,,,Billy
STR+6,stats,str,6,,,
,obtain,name,浮游靈,,,Flooray
STR+7,stats,str,7,,,
,obtain,name,大噸龍,,,Megadon
STR+8,stats,str,8,,,
,,name,肌因魚,,,
INT+1,stats,int,1,,,
,obtain,name,波姆姆,,,
INT+2,stats,int,2,,,
,obtain,name,波雞,,,
INT+3,stats,int,3,,,
,obtain,name,布蘭達,,,
INT+4,stats,int,4,,,
,obtain,name,瓣香妖,,,
INT+5,stats,int,5,,,
,obtain,name,怪蜥信徒,,,Fanalizard
INT+6,stats,int,6,,,
,obtain,name,,,,Arbonymon
INT+7,stats,int,7,,,
,obtain,name,大顎飛龍,,,Wymax
DEX+1,stats,dex,1,,,
,obtain,name,奈米可,,,
DEX+2,stats,dex,2,,,
,obtain,name,石頭,,,
DEX+3,stats,dex,3,,,
,obtain,name,洛可,,,
DEX+4,stats,dex,4,,,
,obtain,name,激進派尖兵,,,
DEX+5,stats,dex,5,,,
,obtain,name,提燈蝙蝠,,,Lanbat
DEX+6,stats,dex,6,,,
,obtain,name,綠苔毛蟲,,,Moss Mole
DEX+7,stats,dex,7,,,
,obtain,name,飛鰭章魚,,,Octaray
DEX+8,stats,dex,8,,,
,obtain,name,飛天觸手,,,
VIT+1,stats,vit,1,,,
,obtain,name,,,,
VIT+2,stats,vit,2,,,
,obtain,name,石頭,,,
VIT+3,stats,vit,3,,,
,obtain,name,殭屍科隆,,,
VIT+4,stats,vit,4,,,
,obtain,name,貧民波多姆,,,
VIT+5,stats,vit,5,,,
,obtain,name,浮游晶怪,,,Berylfree
VIT+6,stats,vit,6,,,
,obtain,name,蝕魔大口,,,Orustica
VIT+7,stats,vit,7,,,
,obtain,name,,,,Arhinotops
VIT+8,stats,vit,8,,,
,obtain,name,デルフィ,,,
VIT+9,stats,vit,9,,,
,obtain,name,藍色果凍,,,
AGI+1,stats,agi,1,,,
,obtain,name,皮可,,,
AGI+2,stats,agi,2,,,
,obtain,name,克里夫皮可,,,
AGI+3,stats,agi,3,,,
,obtain,name,魔性犬,,,
AGI+4,stats,agi,4,,,
,obtain,name,芙蘿拉蜜蜂,,,
AGI+5,stats,agi,5,,,
,obtain,name,能量晶怪,,,
AGI+6,stats,agi,6,,,
,obtain,name,小駝,,,Minimyu
AGI+7,stats,agi,7,,,
,obtain,name,轉轉,,,Denden
HP+100,stats,max_hp,100,,,
,obtain,name,"洛爾, 皇冠花",,,
,,,,,,
HP+200,stats,max_hp,200,,,
,obtain,name,小岩龍,,,
HP+300,stats,max_hp,300,,,
,obtain,name,棋兵,,,
HP+400,stats,max_hp,400,,,
,obtain,name,庫雷古,,,
HP+500,stats,max_hp,500,,,
,obtain,name,高音犛牛,,,Tenoblepas
HP+600,stats,max_hp,600,,,
,obtain,name,仙人掌懼魔,,,Florroractus
HP+700,stats,max_hp,700,,,
,obtain,name,老錨龍,,,Horsenex
HP+800,stats,max_hp,800,,,
,obtain,name,布雷格,,,
,,map,配管走廊,,,
MP+50,stats,max_mp,50,,,
,obtain,,,,,
MP+100,stats,max_mp,100,,,
,obtain,,,,,
MP+150,stats,max_mp,150,,,
,obtain,name,,,,
MP+200,stats,max_mp,200,,,
,obtain,name,,,,
MP+250,stats,max_mp,250,,,
,obtain,name,,,,
MP+300,stats,max_mp,300,,,
,obtain,name,波雞,,,Pojo
MP+350,stats,max_mp,350,,,
,obtain,name,魔魚鷹,,,Cormorant
MP+400,stats,max_mp,400,,,
,obtain,name,雅瑪獅魚,,,
MP+450,stats,max_mp,450,,,
,obtain,name,結晶羊,,,
CSPD+20,stats,cspd,20,,,
,obtain,name,魔菇,,,
CSPD+40,stats,cspd,40,,,
,obtain,name,波雞,,,
CSPD+60,stats,cspd,60,,,
,obtain,name,水蛙,,,
CSPD+80,stats,cspd,80,,,
,obtain,name,黑暗魔法書,,,
CSPD+100,stats,cspd,100,,,
,obtain,name,毒液蛙,,,
CSPD+120,stats,cspd,120,,,
,obtain,name,嗡嗡,,,Boon
CSPD+140,stats,cspd,140,,,
,obtain,name,霧光洛爾,,,Mist Roar
ASPD+20,stats,aspd,20,,,
,obtain,name,野狼,,,
ASPD+40,stats,aspd,40,,,
,obtain,name,紅色洛爾,,,
ASPD+60,stats,aspd,60,,,
,obtain,name,波多鬼,,,
ASPD+80,stats,aspd,80,,,
,obtain,name,植株馬其納,,,
ASPD+100,stats,aspd,100,,,
,obtain,name,湖池野貓,,,Copia Cat
ASPD+120,stats,aspd,120,,,
,obtain,name,苔鼠,,,Mossy Mousey
ASPD+140,stats,aspd,140,,,
,obtain,name,洞穴蟻,,,Caverant
ASPD+160,stats,aspd,160,,,
,obtain,name,岩兔,,,Konetz
命中+2,stats,accuracy,2,,,
,obtain,,,,,
命中+4,stats,accuracy,4,,,
,obtain,,,,,
命中+6,stats,accuracy,6,,,
,obtain,,,,,
命中+8,stats,accuracy,8,,,
,obtain,,,,,
命中+10,stats,accuracy,10,,,
,obtain,,,,,
命中+12,stats,accuracy,12,,,
,obtain,,,,,Tulin
命中+14,stats,accuracy,14,,,
,obtain,,可塘鴞,,,Booboo
命中+16,stats,accuracy,16,,,
,obtain,,嗶嗶蝠,,,
迴避+2,stats,dodge,2,,,
,obtain,,,,,
迴避+4,stats,dodge,4,,,
,obtain,,,,,
迴避+6,stats,dodge,6,,,
,obtain,,,,,
迴避+8,stats,dodge,8,,,
,obtain,,,,,
迴避+10,stats,dodge,10,,,
,obtain,,,,,Petarma
迴避+12,stats,dodge,12,,,
,obtain,,,,,Baloot
迴避+14,stats,dodge,14,,,
,obtain,name,奧斯鴕鳥,,,Ostrich
迴避+16,stats,dodge,16,,,
,obtain,name,冰狼,,,Wolfelar
暴擊率+1,stats,critical_rate,1,,,
,obtain,,,,,
暴擊率+2,stats,critical_rate,2,,,
,obtain,,,,,
暴擊率+3,stats,critical_rate,3,,,
,obtain,,,,,
暴擊率+4,stats,critical_rate,4,,,
,obtain,,,,,
暴擊率+5,stats,critical_rate,5,,,
,obtain,,暗幼龍，,,,Baby Finstern，Thief Rat
1,5,活動王（小怪）,,,,